INSERT INTO places (id, name, country, description)
VALUES ('11111111-1111-1111-1111-111111111111', 'Eiffel Tower', 'France', 'An iconic symbol of Paris.'),
       ('22222222-2222-2222-2222-222222222222', 'Louvre Museum', 'France', 'Worlds largest art museum.'),
       ('33333333-3333-3333-3333-333333333333', 'Statue of Liberty', 'USA', 'Iconic symbol of freedom.'),
       ('44444444-4444-4444-4444-444444444444', 'Great Wall of China', 'China', 'Historic fortification.');

INSERT INTO trips (id, name, start_date, end_date, created_by)
VALUES ('11111111-1111-1111-1111-111111111111', 'Paris Vacation', '2023-12-01 00:00:00+00', '2023-12-07 00:00:00+00',
        '11111111-1111-1111-1111-111111111111'),
       ('22222222-2222-2222-2222-222222222222', 'Other User Trip', '2023-12-10 00:00:00+00', '2023-12-15 00:00:00+00',
        '22222222-2222-2222-2222-222222222222'),
       ('33333333-3333-3333-3333-333333333333', 'USA Trip', '2023-11-01 00:00:00+00', '2023-11-10 00:00:00+00',
        '33333333-3333-3333-3333-333333333333'),
       ('44444444-4444-4444-4444-444444444444', 'China Adventure', '2023-10-15 00:00:00+00', '2023-10-25 00:00:00+00',
        '44444444-4444-4444-4444-444444444444');

INSERT INTO trip_places (trip_id, place_id)
VALUES ('11111111-1111-1111-1111-111111111111', '11111111-1111-1111-1111-111111111111'),
       ('11111111-1111-1111-1111-111111111111', '22222222-2222-2222-2222-222222222222'),
       ('33333333-3333-3333-3333-333333333333', '33333333-3333-3333-3333-333333333333'),
       ('44444444-4444-4444-4444-444444444444', '44444444-4444-4444-4444-444444444444');

INSERT INTO trip_shared_users (id, trip_id, user_id, role)
VALUES ('11111111-1111-1111-1111-111111111111', '11111111-1111-1111-1111-111111111111',
        '11111111-1111-1111-1111-111111111111', 'OWNER'),
       ('22222222-2222-2222-2222-222222222222', '33333333-3333-3333-3333-333333333333',
        '11111111-1111-1111-1111-111111111111', 'VIEWER'),
       ('33333333-3333-3333-3333-333333333333', '44444444-4444-4444-4444-444444444444',
        '11111111-1111-1111-1111-111111111111', 'VIEWER');

INSERT INTO photos (id, place_id, url)
VALUES ('11111111-1111-1111-1111-111111111111', '11111111-1111-1111-1111-111111111111',
        'http://example.com/eiffel.jpg'),
       ('22222222-2222-2222-2222-222222222222', '22222222-2222-2222-2222-222222222222',
        'http://example.com/louvre.jpg'),
       ('33333333-3333-3333-3333-333333333333', '33333333-3333-3333-3333-333333333333',
        'http://example.com/liberty.jpg'),
       ('44444444-4444-4444-4444-444444444444', '44444444-4444-4444-4444-444444444444',
        'http://example.com/greatwall.jpg');
